Company,0
"CITIBANK, N.A.",11.394781389858178
"Empowerment Ventures, LLC",8.726974166960805
CAPITAL ONE FINANCIAL CORPORATION,6.959819545062891
SYNCHRONY FINANCIAL,4.762496451732196
"TRANSUNION INTERMEDIATE HOLDINGS, INC.",2.9611320122826412
"EQUIFAX, INC.",2.3438528690619864
Experian Information Solutions Inc.,1.4716015264057072
"Bread Financial Holdings, Inc.",0.9394088055710934
"BANK OF AMERICA, NATIONAL ASSOCIATION",0.837445458086178
JPMORGAN CHASE & CO.,0.5183860504467718
UNITED SERVICES AUTOMOBILE ASSOCIATION,0.07255436182444322
"CLGF Holdco 1, LLC",0.012202509296477395
"CITIZENS FINANCIAL GROUP, INC.",0.00988133376779119
BMO BANK NATIONAL ASSOCIATION,0.009194266069917682
Synovus Bank,0.007432493796115863
ROBINHOOD MARKETS INC.,0.00632575944224475
"Bilt Technologies, Inc.",0.006155299475237935
"STATE FARM BANK, FSB",0.004752645776606595
"Social Finance, Inc.",0.0035407032022772003
Klarna AB,0.0022127393476670514
BANCO POPULAR DE PUERTO RICO,0.0021558129623116674
"SOFI TECHNOLOGIES, INC.",0.0017636126357770052
ADP Inc.,0.0015103404095447048
COMMERCE BANK,0.001491331431456977
"PINNACLE FINANCIAL PARTNERS, INC.",0.001129555743861567
BANK OF THE WEST,0.0010855231693033096
CARD Corporation,0.0009044490254242707
"FIRST CITIZENS BANCSHARES, INC.",0.000766609415519481
Google Compare Credit Cards Inc.,0.0006985726108711398
First Data Corporation,0.0006676321597047536
FIRST HORIZON BANK - WEST CONGRESS STREET BRANCH,0.0006329035734182977
"Total Card, Inc.",0.0006089078136322098
"FIRST NIAGARA FINANCIAL GROUP, INC.",0.000594073966380863
"Affirm Holdings, Inc",0.000525903391678292
Newport Intermediate Inc.,0.0004505571725789459
ENCORE CAPITAL GROUP INC.,0.0003906784586325671
"Automatic Data Processing, Inc.",0.00034033415189913647
"WESTERN UNION COMPANY, THE",0.000324371691008569
"SANTANDER HOLDINGS USA, INC.",0.00031116598871370473
CITY NATIONAL BANK,0.0003012286713928889
Albert Corporation,0.00029645505462717
"Sparrow Financial, Inc.",0.0002851166097950754
"TIDEWATER FINANCE COMPANY, INC.",0.0002703336783324789
RANDOLPH-BROOKS FEDERAL CREDIT UNION,0.0002569743818640958
TomoCredit Inc.,0.0002495479910745157
E*TRADE BANK,0.00024775054019986426
"Sunbit, Inc.",0.00020064283109996506
"General Motors Financial Company, Inc.",0.00019934356174925968
"HUNTINGTON NATIONAL BANK, THE - FIRSTMERIT BANK, N.A. BRANCH",0.00019334329855102557
"Coinbase, Inc.",0.0001845928028883154
"Foris DAX, Inc.",0.00017946522038435507
"OPTUM BANK, INC.",0.0001756149912681674
SCHOOLSFIRST FEDERAL CREDIT UNION,0.00017029693124527413
TCF NATIONAL BANK,0.00016811127790457086
Exto Inc.,0.0001612455906880647
"Navient Solutions, LLC.",0.0001567009465787899
"Branch Messenger, Inc.",0.00015389947859927516
"American First Finance, Inc.",0.00015216913544192876
"New Century Financial Services, Inc.",0.00014239966935352874
"WEBSTER BANK, NATIONAL ASSOCIATION",0.00014084351411554306
HANCOCK WHITNEY BANK,0.000136490695064486
"Conn's, Inc.",0.00013418238068264678
CREDIT ACCEPTANCE CORPORATION,0.0001319228534867379
"Opportunity Financial, LLC",0.0001275799848352258
Lending Club Corp,0.00012696155585515686
"ARVEST BANK GROUP, INC.",0.0001249753564593643
"Flagstar Bank, National Association",0.00012378184566018681
UMPQUA HOLDINGS CORPORATION,0.00012250714554721807
FIRST NATIONAL BANK OF PENNSYLVANIA,0.00011445371603669536
"Exeter Finance, LLC.",0.000109592925939564
CL Holdings LLC,0.0001092339511955063
AMERICA FIRST FEDERAL CREDIT UNION,0.00010742043823487987
"Weltman, Weinberg & Reis Co., L.P.A.",0.0001073619159565634
"Monarch Recovery Holdings, Inc.",0.00010534189612256589
SECURITY FINANCE CORP,0.00010519151887363877
"Aqua Finance, Inc.",0.00010413804946487322
Alliant Capital Management LLC,0.00010101030796910775
US Gold Cards Inc,0.00010002099640756587
Performant Financial Corporation,9.701164762828846e-05
GREAT LAKES,9.645971147358105e-05
FREEDOM FINANCIAL NETWORK,9.42594666713215e-05
"MB FINANCIAL, INC.",9.318195792763518e-05
The Aligned Company DBA Extra,9.196682360998534e-05
"Machol & Johannes, LLC",9.127898903465476e-05
"JH Portfolio Debt Equities, LLC",8.965399682934585e-05
TRANSWORLD SYSTEMS INC,8.85159925747197e-05
NEW YORK COMMUNITY BANCORP INC,8.786229248239652e-05
"National Credit Adjusters, LLC",8.760542489723053e-05
Woods Oviatt Gilman LLP,8.661154569320277e-05
Federated Capital Corporation,8.661154569320277e-05
"Law Offices of Krista L. White & Associates, P.S.",8.661154569320277e-05
"Asset Management Professionals, LLC",8.661154569320277e-05
"National Recoveries, Inc.",8.661154569320277e-05
"Phillips & Cohen Associates, Ltd.",8.411938642699846e-05
"LTD Financial Services, L.P.",8.159266419349937e-05
AES/PHEAA,8.129988978549077e-05
"PINNACLE RECOVERY, INC.",8.119246092435622e-05
"World Recovery Service, LLC",8.116836998491081e-05
RJM ACQUISITION LLC,8.116836998491081e-05
"Glasser and Glasser, PLC",8.050762052604867e-05
"EVERBANK, NATIONAL ASSOCIATION",8.02103043306724e-05
EAST WEST BANK,7.98354246447592e-05
"CASHCALL, INC.",7.735231862453469e-05
"Stillman, P.C. d.b.a. Stillman Law Office",7.735231862453469e-05
Nations Recovery Center,7.735231862453469e-05
Commercial Recovery Systems,7.735231862453469e-05
CHECK INTO CASH INC.,7.679429577738694e-05
World Omni Financial Corp.,7.461118647658147e-05
"Castle Credit Co Holdings, LLC, Chicago, IL Branch",7.093447059120772e-05
"ID Analytics, Inc.",7.092332261824586e-05
"Dynamic Recovery Solutions, LLC",7.049087880426808e-05
"Firstsource Business Process Services, LLC",6.890522801573457e-05
"Neuheisel Law Firm, P.C.",6.832832824912492e-05
Great American Finance Co,6.719377088151782e-05
"Young America Holdings, LLC",6.595252871487271e-05
Radius Global Solutions LLC,6.593876418018216e-05
PAY-O-MATIC,6.528560865128708e-05
"Plastyc, Inc.",6.356120149445518e-05
"Capital Management Services, LP",6.207124395682463e-05
PREFERRED CREDIT INC,6.096815154780836e-05
Sezzle Inc.,6.049239983227945e-05
P&L Acquisitions LLC,5.825348340485656e-05
"Praxis Financial Solutions, Incorporated",5.7551357019367966e-05
"Frederick J. Hanna & Associates, P.C. (closed)",5.513026395303321e-05
"Cedars Business Services, LLC",5.387794119405537e-05
"BMW Financial Services NA, LLC",5.358397458424842e-05
"Nelnet, Inc.",5.2804943531039376e-05
Velocity Portfolio Group,5.2293936454478546e-05
"Consumer Education Services, Inc.",5.074669318688853e-05
"Prepaid Ventures, LTD",4.973389115281164e-05
N26 Inc.,4.832815988557957e-05
NISSAN MOTOR ACCEPTANCE COMPANY LLC,4.826345280890594e-05
Kirkland Asset Management LLC,4.815304772075374e-05
"Thomas, King & Associates",4.815304772075374e-05
Finance Store Inc.,4.815304772075374e-05
"Credit Technologies, Inc.",4.815304772075374e-05
Mid-Atlantic Consumer Services,4.815304772075374e-05
"Liberty Credit Services, Inc.",4.815304772075374e-05
"Marlette Funding, LLC",4.746977895737597e-05
"Rocket Mortgage, LLC",4.645869553402439e-05
"GLOBAL CLIENT SOLUTIONS, LLC",4.547737567582057e-05
"COLLECTION SERVICES OF ATHENS, INC.",4.278808405087559e-05
"Daniels Norelli Scully & Cecere, P.C.",4.278808405087559e-05
"Data Search NY, Inc.",4.2788084050875585e-05
"Seterus, Inc.",4.096860012853898e-05
"Citi Management Group, LLC",4.096860012853898e-05
Weinman Acquisition Group,4.096860012853898e-05
"Fenton & McGarvey Law Firm, P.S.C.",4.096860012853898e-05
FRIC HOLDING CORPORATION,4.096860012853898e-05
AMERICAN HONDA FINANCE CORP,4.0821622224521433e-05
VALLEY NATIONAL BANCORP,4.081976744031961e-05
"Financial Credit Service, Inc.",4.080846543771693e-05
"Advantage Credit, Inc.",4.005190448915473e-05
"Snap US Holdings, LLC",3.9098680305067086e-05
Kohn Law Firm S.C.,3.841416640262106e-05
RC Willey,3.8033728656970644e-05
CNG FINANCIAL CORPORATION,3.765772645911869e-05
BANKERS HEALTHCARE GROUP LLC,3.605253248721517e-05
Capitol Credit Company,3.5201765236167954e-05
"FIRST MIDWEST BANCORP, INC.",3.5201765236167954e-05
Terrill Outsourcing Group,3.5201765236167954e-05
"Ignite Revenue, Inc.",3.513419469670034e-05
"Applied Data Finance, LLC",3.4963111697575035e-05
"Acceptance Rentals, Inc.",3.424757368269584e-05
"Conville & Conville, PLLC",3.424757368269584e-05
NATIONWIDE ACCEPTANCE LLC,3.4247573682695836e-05
Equitable Acceptance Corp,3.4247573682695836e-05
Midwest Recovery Systems,3.4247573682695836e-05
"Rubin & Debski, P.A.",3.358010552053241e-05
Federated Law Group,3.3439616472745644e-05
"BILL.COM, LLC",3.336260913573409e-05
Mathew Aaron Holdings Inc.,3.3152890109162786e-05
Genpact Limited,3.3152890109162786e-05
"Alliance One, Inc.",3.290000577061031e-05
"BLACK HILLS CHILDREN'S RANCH, INC.",3.2799638605709934e-05
"Community Loan Servicing, LLC (formerly known as Bayview Loan Servicing, LLC)",3.2799638605709934e-05
Amscot Corporation,3.2286311575478345e-05
ICUL Service Corporation,3.2133539323229406e-05
"SIMM Associates, Inc.",3.1439409692682626e-05
LAKE MICHIGAN CREDIT UNION,3.0800940619144236e-05
"Credit Control, LLC",3.0417318053198047e-05
BEACON FINANCIAL CORPORATION,3.0051455993303403e-05
"Crown Asset Management, LLC, Duluth, GA Branch",2.9805355402143743e-05
"LAKEVIEW LOAN SERVICING, LLC",2.9613753768370037e-05
"SUNRISE CREDIT SERVICES, INC",2.8845625324346807e-05
DigniFi,2.87033381872994e-05
VW Credit,2.8634894904700254e-05
WAFD BANK,2.821477155590185e-05
"National Enterprise Systems, Inc.",2.7945924456526014e-05
ASTA FUNDING INC.,2.7492479476938148e-05
Mr. Cooper Group Inc.,2.7192310759715825e-05
"FIRST INTERSTATE BANCSYSTEM, INC.",2.594963024768787e-05
Freedom Mortgage Company,2.5947106010393095e-05
"Veros Credit, LLC",2.559637721527867e-05
"Credit Services Corporation, LLC",2.5358842391363493e-05
"Brock & Scott, PLLC",2.5358842391363493e-05
"GCFS, INC.",2.5068292676489474e-05
"The Outsource Group, Inc",2.4252911907072116e-05
"Service Finance Holdings, LLC",2.4252911907072116e-05
CENTERSTATE BANK CORPORATION,2.4252911907072116e-05
A & E Futures LLC,2.4252911907072116e-05
AMRON PROFESSIONAL SERVICES,2.3878525242796126e-05
"Lustig, Glaser & Wilson, P.C.",2.3878525242796126e-05
"EMCC Holdings, LLC",2.3878525242796123e-05
CREDIGY USA CORP.,2.369716556416051e-05
"CCS Financial Services, Inc.",2.3175335891744822e-05
"Finkelstein, Kern, Steinberg & Cunningham, PC",2.305171816868861e-05
"Hameroff Law Group, P.C.",2.305171816868861e-05
"WAKEFIELD & ASSOCIATES, INC.",2.305171816868861e-05
PROPEL FINANCIAL SERVICES LLC,2.2726461191857875e-05
"GVA Holdings, LLC",2.239850388572217e-05
"BANKMOBILE TECHNOLOGIES, INC",2.2248811921869416e-05
"Payactiv, Inc.",2.2113132539008533e-05
FourLeaf Federal Credit Union,2.2074583054401285e-05
"Pavilion Payments US BuyerCo, LLC",2.206889908468674e-05
"Hertzmark, Crean & Lahey, LLP.",2.1540549977630136e-05
"Happy Money, Inc.",2.1540549977630136e-05
"PMAB,LLC",2.1540549977630136e-05
Advanced Resolution Services Inc.,2.1540549977630136e-05
"SOUTHSTATE BANK, N.A. - 520 GERVAIS STREET BRANCH",2.1540549977630136e-05
Financial Business and Consumer Solutions.,2.1420509505237583e-05
Iron Capital Group,2.1208736452028823e-05
"Collection at Law, Inc. A.P.C.",2.1208736452028823e-05
Mullooly Jeffrey Rooney & Flynn,2.1207184855268566e-05
"BANKUNITED, NATIONAL ASSOCIATION",2.049827670167838e-05
American Recovery Service Incorporated,2.049827670167838e-05
"Avantus, LLC",2.049827670167838e-05
WorldRemit Corp.,2.049827670167838e-05
"Paradigm Assets, LLC",2.049827670167838e-05
"Jim Bottin Enterprises, Inc",2.0278553494352583e-05
"Ascension Point Recovery Services, LLC",2.0107867897513333e-05
"Equidata, Inc.",1.9417643775608364e-05
Signature Bank (NY),1.929504279825034e-05
Revolut Technologies Inc.,1.8930545084918195e-05
"Diversified Consultants, Inc.",1.89263745090455e-05
Bank of Baroda - New York Branch,1.8461291835430054e-05
Regional Management Corporation,1.8200451790021937e-05
TransferWise Ltd,1.8015141698891417e-05
Nicholas Financial Inc.,1.720123592600252e-05
Servatus Corporation,1.720123592600252e-05
"GAMACHE & MYERS, PC",1.720123592600252e-05
Essential Lending Inc,1.720123592600252e-05
"Persolve, LLC - Legal - Series 2",1.710922456503355e-05
"Tesla, Inc.",1.6930371725035826e-05
"Skopos Financial, LLC",1.649992364015509e-05
"Shellpoint Partners, LLC",1.6258594241065777e-05
Credit Card Receivables Fund Incorporated,1.575758203083659e-05
Absolute Resolutions Corp.,1.5724980841621882e-05
"Atlantic Union Bankshares, Inc.",1.5676860540704955e-05
Zip Co US Inc.,1.5575440524917162e-05
"Praxell, Inc.",1.5411231601102732e-05
"Muskegon Car Credit, Inc.",1.531015620646174e-05
MS SERVICES LLC,1.531015620646174e-05
"Propel, Inc.",1.4462989469230644e-05
Schreiber Law LLC,1.392545824467151e-05
AIH Receivables Management Inc.,1.392545824467151e-05
"Action Collection Agencies, Inc.",1.392545824467151e-05
eCon Credit LP,1.392545824467151e-05
"Hood & Stacy, P.A.",1.392545824467151e-05
"Global Asset Management Group, Inc.",1.392545824467151e-05
Arapahoe Motors,1.392545824467151e-05
Triple AC Resolutions,1.392545824467151e-05
"Vantage Sourcing, LLC",1.392545824467151e-05
GABA LAW CORPORATION,1.392545824467151e-05
"EOS Holdings, Inc.",1.392545824467151e-05
"The Best Service Co.,Inc",1.3851153478313971e-05
"Fold, Inc.",1.368414771562028e-05
"Capital Alliance Financial, LLC",1.333809958881959e-05
"NCD Financial, LLC",1.3123964319232444e-05
Merchants Acceptance Corp,1.2754406115965403e-05
Healthcare Finance Direct LLC.,1.2754042622195305e-05
Concord Servicing Corporation,1.2570524253941813e-05
"HOME BANCSHARES, INC.",1.2378690346312971e-05
Activehours,1.22995683406223e-05
XOOM CORPORATION,1.22995683406223e-05
"Loan South Finance & Tax Service of Troy, LLC",1.2299568340622298e-05
"Global Portfolio Recovery, LLC",1.2299568340622298e-05
Law Offices of Goldsmith & Hull A.P.C.,1.227546336191552e-05
Opportunity Fund,1.227546336191552e-05
Revolution Financial Inc.,1.227546336191552e-05
"Allied Collection Services, Inc. (Nevada)",1.227546336191552e-05
Possible Financial Inc,1.2238473954783247e-05
"Bridge IT, Inc.",1.1962926981707652e-05
Global Tel*Link Corporation,1.1915698377047761e-05
Garrison Investment Group,1.1661494381630837e-05
GREENSTATE CREDIT UNION,1.1519700120275083e-05
"Northstar Location Services, LLC",1.1153205224151102e-05
WESTERN ALLIANCE BANCORPORATION,1.098222859420991e-05
MOHELA,1.064183675194502e-05
"Law Offices of Hayt, Hayt & Landau, LLC",1.0523547676138374e-05
Siggi LLC,1.0291243550935628e-05
MTACC Inc.,1.0291243550935628e-05
"BCI FINANCIAL GROUP, INC.",1.0291243550935628e-05
Consumer Adjustment Company Incorporated,1.0107486384542476e-05
UnBanked,9.96641997661831e-06
LJ Ross Associates,9.782334602429059e-06
"Nav Technologies, Inc.",9.401805714436438e-06
"Mobiloans, LLC",9.315660307984585e-06
AFNI INC.,9.115477066691657e-06
"Advantage One Credit, LLC",9.115477066691656e-06
"Lewis, McDonnell & Associates",9.115477066691656e-06
"Integrity Funding Ohio, LLC",9.115477066691656e-06
"Applied Business Services, Inc.",9.090101787860053e-06
"United Shore Financial Services, LLC",8.964433942610338e-06
Transform Credit Inc.,8.929330977691989e-06
"I.C. System, Inc.",8.714585020955943e-06
"United Collection Bureau, Inc.",8.679760447755677e-06
Riverwalk Financial Corporation,8.652399997795624e-06
SinglePoint GI,8.639530581473291e-06
Rent Recovery Solutions,8.515837409674909e-06
"3rd Generation, Inc.",8.428787127199679e-06
"Collection Management Holdings, LLC",8.384759552896742e-06
"Waddell Serafino Geary Rechner Jenevein, PC",8.38475955289674e-06
Innovis,8.317329154406185e-06
Kirschenbaum & Phillips P.C,8.279327199219552e-06
Camino Financial Inc.,8.279327199219552e-06
"NEW IMAGITAS, INC",8.279327199219552e-06
"Security Credit Services, LLC",8.1998215451454e-06
"Uplift, Inc",7.735912956127168e-06
Kovo,7.671374721614374e-06
"RBC BANK (GEORGIA), NATIONAL ASSOCIATION",7.596988302527068e-06
Clark County Collection Service,7.32606997598156e-06
TMX Finance LLC,7.32606997598156e-06
"CFAM Financial Services, LLC",7.32606997598156e-06
"Torres Credit Services, Inc.",7.32606997598156e-06
"Flexible Finance, Inc.",7.223931412654442e-06
"ONLINE Information Services, Inc.",7.1662574846317695e-06
"Tenaglia & Hunt, PA",7.026064562866671e-06
"SELECT PORTFOLIO SERVICING, INC.",6.965433856728633e-06
Bright Capital Inc,6.845076489087967e-06
Concerto Card Company,6.808546736146173e-06
"The Bureaus, Inc.",6.7242547112582865e-06
"PEOPLE'S UNITED BANK, NATIONAL ASSOCIATION",6.440826385935475e-06
TekCollect Inc.,6.35071870964096e-06
"Dave Operating, LLC",6.214628506226331e-06
1st Franklin Financial Corporation,6.093980899317561e-06
"Avadyne Health Holdings, Inc",6.093980899317561e-06
"Second Alliance, Inc.",6.012029612838031e-06
FLAGSHIP FINANCIAL GROUP LLC,6.012029612838031e-06
Paylaterr Inc,6.012029612838031e-06
OFG BANCORP,6.012029612838031e-06
"PENNYMAC LOAN SERVICES, LLC.",5.936332188045708e-06
The Receivable Management Services LLC,5.562628676659876e-06
"The CBE Group, Inc.",5.4826168138306265e-06
"B9, Inc.",5.343149703031032e-06
IQOR US INC,5.295672127748331e-06
Future Judgement Solutions,5.248212909268242e-06
"Expanse Financial Technologies, Inc. f/k/a Prepaid Ventures, LTD",5.001506017061298e-06
Credova Holdings Inc,4.9057534345010615e-06
"Data and Contact Management Solutions, LLC",4.866644298603489e-06
BANNER CORPORATION,4.865237251453418e-06
"Greenlight Financial Technology, Inc",4.825627684889427e-06
"Mercari, Inc.",4.815406325378064e-06
"CBC Companies, Inc.",4.796223272823726e-06
Credit Plus Inc,4.768124142545014e-06
"SOFTGATE SYSTEMS, INC.",4.759069734773392e-06
"Americas Car-Mart, Inc.",4.759069734773392e-06
LCI Acquisition Inc.,4.759069734773392e-06
Rausch Sturm LLP,4.702161953535537e-06
CCF Intermediate Holdings LLC,4.689940088172157e-06
"Selip & Stylianou, LLP",4.678292906573726e-06
Credit Service Company,4.344630774902482e-06
"TEXAS CAPITAL BANCSHARES, INC.",4.256072533592508e-06
Meta Payments Inc.,4.010621206985037e-06
"GREENSKY OPERATIONS, LLC",3.94570224457539e-06
"Tromberg, Miller, Morris & Partners, PLLC",3.840142299821524e-06
Clearview Resolution Services,3.840142299821524e-06
"Midstate Collection Solutions, Inc.",3.840142299821524e-06
"Uprova Credit, LLC",3.840142299821524e-06
HOMESTEAD FUNDING CORPORATION,3.840142299821524e-06
DAIMLER TRUCK FINANCIAL SERVICES USA LLC,3.840142299821524e-06
FIRST CREDIT FINANCE,3.840142299821524e-06
"MPOWER Financing, Public Benefit Corporation",3.840142299821524e-06
"Cawley & Bergmann, LLP",3.840142299821524e-06
River Heights Capital LLC,3.840142299821523e-06
"GreenSky, LLC",3.6214360584984428e-06
"CULLEN/FROST BANKERS, INC.",3.5991972914336934e-06
"Financial Recovery Services, Inc.",3.599197291433693e-06
LendingPoint Holdings LLC,3.520182968876355e-06
PLAID INC.,3.402746031291554e-06
"Nelson and Kennard, LLP",3.402746031291554e-06
AVANTE,3.402746031291554e-06
"Resurgence Legal Group, PC",3.402746031291554e-06
"Roosen, Varchetti & Olivier, PLLC",3.402746031291554e-06
RELIANCE FIRST CAPITAL LLC,3.402746031291554e-06
"Blitt and Gaines, P.C.",3.3083790048651527e-06
Pacific Credit Exchange Corporation,3.240666631983037e-06
Reach Financial LLC,3.1151441996969586e-06
"NRA Group, LLC",3.0946563780770755e-06
Roger Van Wert,3.026502628038898e-06
"Aldous & Associates, PLLC",3.0060012829909988e-06
"Simon's Agency, Inc.",2.8416233716929752e-06
"Local Management, LLC",2.8416233716929752e-06
MEI AUTO FINANCE INC,2.8416233716929752e-06
"Kornerstone Credit,  LLC.",2.8416233716929752e-06
"LDF Holdings, LLC",2.8416233716929752e-06
INTERFIRST MORTGAGE COMPANY,2.8416233716929752e-06
Hatfield Portfolio Group LLC.,2.8416233716929752e-06
"Fairway Capital Recovery, LLC",2.8416233716929752e-06
"Bakkt Opco Holdings, LLC",2.8416233716929752e-06
"Branson Quick Cash, Inc.",2.8416233716929752e-06
ALLIED SECURITY LLC,2.8416233716929752e-06
FIRST FINANCIAL BANCORP,2.8042438173033392e-06
Indie Technology DBA Found,2.7772317947785023e-06
Credit Fresh Holdings Inc,2.50275837873334e-06
"January Technologies, Inc",2.441599977012424e-06
"LoanCare, LLC",2.2679163148681686e-06
"Zebit, Inc.",2.213313132665527e-06
"Zendable, Inc.",2.172796837051301e-06
Kingston Data & Credit International Inc.,2.159882645368323e-06
"Lyons, Doughty & Veldhuis, PC",2.159882645368323e-06
"CreditNinja Lending, LLC",2.159882645368323e-06
"CMRE Financial Services, Inc.",2.159882645368323e-06
"American Cycle Finance, Inc.",2.159882645368323e-06
Torriere Holdings INC,2.159882645368323e-06
"Consolidated Management Group, LLC",2.159882645368323e-06
"Reset Financial Technologies, Inc.",2.159882645368323e-06
"Compass Recovery Group, LLC",2.159882645368323e-06
Evident Capital LLC,2.1598826453683224e-06
Santander Consumer USA Holdings Inc.,2.127545319963999e-06
"AutoCred, Inc.",2.096189888224185e-06
"Revco Management, LLC",2.096189888224185e-06
"RGS Financial, Inc.",2.096189888224185e-06
"4M Collections, LLC",2.096189888224185e-06
"Williams & Fudge, Inc",2.096189888224185e-06
"Palisade Legal Group, PLLC",2.096189888224185e-06
"Shepherd Outsourcing, LLC",2.096189888224185e-06
Texan Credit Corporation,2.096189888224185e-06
InDebted Corporation,2.096189888224185e-06
"FIDELITY CAPITAL HOLDINGS, INC",2.0590480300895895e-06
Credit Wellness LLC,2.0250209269105125e-06
Stellantis Financial Services US Corp.,2.0250209269105125e-06
"Reliant Capital Solutions, LLC",1.7810863156560105e-06
Solar Mosaic LLC,1.6001929439349574e-06
"Capio Partners, LLC",1.591648974867568e-06
"Auto Acceptance, LLC",1.591648974867568e-06
"Wyre, Inc.",1.591648974867568e-06
"Fresh Start Funding, LLC",1.591648974867568e-06
"Forsythe Finance, LLC",1.591648974867568e-06
UNITED COMMUNITY BANK,1.591648974867568e-06
"Oquirrh Mountain Law Group, P.C.",1.591648974867568e-06
C/C Financial,1.591648974867568e-06
Earnest Inc.,1.591648974867568e-06
Academy Mortgage Corporation,1.591648974867568e-06
"Solomon and Solomon, P.C.",1.591648974867568e-06
"Merchants & Medical Adjustment Bureau, Inc. dba Credit Bureau Associates",1.5234952248293907e-06
"Atlas Services, Inc.",1.5234952248293902e-06
"Consuegra & Duffy, P.L.L.C.",1.5234952248293902e-06
"LPI, INC.",1.5234952248293902e-06
"BSI Financial Holdings, Inc.",1.5234952248293902e-06
"Malen & Associates, p.c.",1.5234952248293902e-06
Post Lake Lending Inc.,1.5234952248293902e-06
ELECTRONIC FUNDS SOURCE LLC,1.5234952248293902e-06
Viva Finance Inc.,1.5234952248293902e-06
"DMEC Capital Services LLC, DBA Settle Our Debt",1.5234952248293902e-06
"Arivo Acceptance, LLC",1.5234952248293902e-06
BetterMe Financial,1.5234952248293902e-06
"First Federal Credit Control, Inc.",1.5030074032095078e-06
"Modlin Slinsky, P.A.",1.5030074032095078e-06
"Roadrunner Account Services, LLC",1.5030074032095078e-06
IOWA STUDENT LOAN LIQUIDITY CORPORATION,1.5030074032095078e-06
Premier Auto Credit,1.5030074032095078e-06
"Credit Systems International, Inc.",1.5030074032095078e-06
"Sago Financial, Inc.",1.5030074032095078e-06
Foreman Financial Inc.,1.5030074032095078e-06
"Complete Credit Solutions, Inc.",1.5030074032095078e-06
"COMMUNITY FINANCIAL SYSTEM, INC.",1.5030074032095078e-06
CVB FINANCIAL CORP.,1.5030074032095078e-06
Central Research Inc,1.5030074032095078e-06
Lincoln Financial Services,1.5030074032095078e-06
Kikoff Inc.,1.4248458497837228e-06
First Credit Services Inc.,1.4080706094467185e-06
United Credit and Collections Inc.,1.408070609446718e-06
"Valon Technologies, Inc.",1.408070609446718e-06
SEACOAST BANKING CORPORATION OF FLORIDA,1.408070609446718e-06
"Columbia Collection Service, Inc.",1.408070609446718e-06
"Figliola & Romano, LLC",1.408070609446718e-06
INDEPENDENT BANK CORP.,1.408070609446718e-06
"Oliphant United, Inc.",1.408070609446718e-06
"Bliksum, LLC",1.408070609446718e-06
"ARS National Services, Inc.",1.3046564165272628e-06
"FAIR COLLECTIONS & OUTSOURCING, INC.",1.288211959589326e-06
Credit Bureau Services Inc.,1.189767433693348e-06
People Trust,1.189767433693348e-06
APPLE RECOVERY SERVICES CORP,1.189767433693348e-06
Fig Tech Inc.,1.189767433693348e-06
Kubota North America Corporation,1.189767433693348e-06
"Round Up Ventures, L.P.",1.189767433693348e-06
Huron Law Group PLLC,1.189767433693348e-06
AUTOMOTIVE CREDIT CORPORATION,1.189767433693348e-06
Posh RE Mortgage corporation,1.189767433693348e-06
AD Capital LLC,1.189767433693348e-06
"Deinde Online Services, LLC",1.189767433693348e-06
CCM Finance LLC,1.189767433693348e-06
"AR Resources, Inc.",1.189767433693348e-06
"Professional Datasolutions, Inc.",1.189767433693348e-06
"Greenback Recovery Group, LLC",1.189767433693348e-06
TOLEDO FINANCE CORPORATION,1.189767433693348e-06
"Stevens Business Service, Inc.",1.189767433693348e-06
"W&A Intermediate Co., LLC",1.189767433693348e-06
"AAS Debt Recovery, Inc.",1.189767433693348e-06
The Phoenix Recovery Group,1.189767433693348e-06
Everi Payments Inc.,1.1597566929253722e-06
"Klutch Technologies, Inc.",1.0468129307805415e-06
"Zarzaur and Schwartz, PC",9.831201736364038e-07
"FMA Alliance, Ltd.",9.782539964654546e-07
"A & O Recovery Solutions, LLC",4.785792602797863e-07
"ZENCO COLLECTION, LLC",4.367364740966569e-07
"Lloyd & McDaniel, PLC",3.475831005091306e-07
Revenued LLC,3.1534933194827597e-07
IDAHO CENTRAL CREDIT UNION,2.9500089485893677e-07
GUARANTEED RATE INC.,2.9500089485893677e-07
ALMA Financial Assistance Corp.,2.516565748041382e-07
Global Lending Services LLC,2.0165062112585794e-07
"King of Credit Financial, Inc",5.3783940706618636e-08
DOLLAR MUTUAL BANCORP,1.7837804045781774e-08
"Zo Financial, Inc.",0.0
Windham Equity Company,0.0
ECredable,0.0
"ECMC GROUP, INC.",0.0
"McCarthy, Burgess & Wolff, Inc.",0.0
BANK OZK,0.0
Marauder Corporation,0.0
Marine One Acceptance Corporation,0.0
Driveway Finance Corporation,0.0
"P&B Capital Group, LLC",0.0
"iSolved HCM Services, LLC",0.0
"AMERIFIRST FINANCIAL, INC.",0.0
"Malcolm S. Gerald and Associates, Inc.",0.0
"Oxford Law, LLC",0.0
Vision Financial Corp.,0.0
"CARMEL FINANCIAL CORPORATION, INC.",0.0
"CARDINAL FINANCIAL COMPANY, LIMITED PARTNERSHIP",0.0
"Zakheim Law Group, P.A.",0.0
"Delta Management Associates, Inc.",0.0
"Webcollex, LLC",0.0
Check Fraud Services,0.0
"Charlottesville Bureau of Credits, Inc",0.0
"Certegy Holdings, LLC",0.0
A.R.C. Accounts Recovery (U.S.A.) Corporation LLC,0.0
"Vital Solutions, Inc.",0.0
"American Management Services, Inc.",0.0
First Bancorp North Carolina,0.0
TheTenn Inc.,0.0
"The Law Offices of Frederic I. Weinberg & Associates, P.C.",0.0
The Law Office of John P. Frye P.C.,0.0
Phoenix Financial Services LLC,0.0
"Nationwide Debt Management Solutions, LLC",0.0
Nationwide Credit Corporation,0.0
"Nations Direct Mortgage, LLC",0.0
"Pollack & Rosen, P.A.",0.0
"The Law Firm of Derek Williams, LLC d/b/a Infinite Law Group",0.0
TapTap Send Inc.,0.0
Credit Wise Recovery Solution LLC,0.0
GOLD STAR MORTGAGE FINANCIAL,0.0
FUTURE FINANCE COMPANY,0.0
FRESNO CREDIT BUREAU,0.0
"Top Asset Solutions, LLC",0.0
"Tomo Networks, Inc.",0.0
"Time Investment Company, Inc.",0.0
"Troy Capital, LLC",0.0
"O&L LAW GROUP, P.L.",0.0
"PayTomorrow, LLC",0.0
"Paramount Recovery Systems, L.P.",0.0
Pappas Hayden Westberg & Jackson PC,0.0
PRONTO FINANCE INC.,0.0
Thrive National Corporation,0.0
"Thomas Kerns McKnight, LLP",0.0
CITY CREDIT CORPORATION,0.0
GETM INCORPORATED,0.0
Fulton Friedman & Gullace LLP,0.0
Fuel Capital Group,0.0
"DSW Carolina, LLC d/b/a Resource Services",0.0
"DRB-40, LLC",0.0
DLG LLC,0.0
"DIME COMMUNITY BANCSHARES, INC.",0.0
Creditly Corp.,0.0
Sunnova Energy Corporation,0.0
Sunlight Financial LLC,0.0
NBT BANCORP INC.,0.0
Armada Corp.,0.0
No Limits Access,0.0
"Nationwide TFS, LLC",0.0
Nationwide Financial Group,0.0
"Nationwide Debt Reduction Services, LLC",0.0
Southern Auto Finance Co,0.0
"Summit A*R, Inc.",0.0
"Student Zoom, LLC",0.0
"Student Loan Control, LLC",0.0
Stilt Inc,0.0
"Steel River Systems, LLC",0.0
"Green & Sons Agency, Inc.",0.0
"Glass Mountain Capital, LLC",0.0
"TDF Financial Services, Inc.",0.0
"Synerprise Consulting Services, Inc.",0.0
GREATER SUBURBAN ACCEPTANCE CORPORATION,0.0
"NY Community Financial, LLC",0.0
"NRG STX Properties, LLC",0.0
"NCP Holdings, L.P.",0.0
"NCC Business Services, Inc.",0.0
Gatestone & Co. International Inc.,0.0
Groundfloor Finance Inc.,0.0
Greyhound Capital Group LLC,0.0
Grey Inc,0.0
Greene & Cooper Collections LLC,0.0
ASTORIA BANK,0.0
"American Collection Systems, Inc. (OH)",0.0
Oracle Financial Group LLC.,0.0
"Operating Partners Co., LLC",0.0
"Bernhardt and Strawser, P.A.",0.0
"APPLE RECOVERY, LLC",0.0
"Debt Collectors International, Inc.",0.0
"Finance System of Richmond, Inc.",0.0
"Figure Technologies, Inc",0.0
B-Focused Mobile LLC,0.0
Avenify Corporation,0.0
"St John Rossin & Burr, PLLC",0.0
"Specialized Collection Systems, Inc.",0.0
Southwest Stage Funding,0.0
Southwest Business Corporation,0.0
Solidus Group LLC.,0.0
Smith Debnam Narron Drake Saintsing & Myers LLP,0.0
SmartCredit LLC,0.0
HOMETOWN EQUITY MORTGAGE,0.0
"H & S Financial, Inc.",0.0
Primary Financial Services L.L.C.,0.0
Premier Account Management,0.0
"Precise Financial Group, LLC",0.0
"National Consumer Telecom & Utilities Exchange, Inc.",0.0
National Capital Solutions,0.0
Circle Internet Financial,0.0
Carma Enterprises Inc,0.0
"Progressive Financial Services, Inc.",0.0
"Professional Bureau of Collections of Maryland, Inc., GREENWOOD VILLAGE, CO Branch",0.0
COOPERATIVA DE AHORRO Y CREDITO HATILLO,0.0
COOPERATIVA DE AHORRO Y CREDITO BARRANQUITAS,0.0
CONTRACT CALLERS INC,0.0
"Healthcare Collection Specialists, Inc.",0.0
BROADVIEW MORTGAGE CORPORATION,0.0
FIRST MERCHANTS CORPORATION,0.0
"FIRST FINANCIAL SERVICES, INC.",0.0
UNITED CREDIT CORP. OF SOUTHAVEN,0.0
FLORIDA HOME TRUST MORTGAGE,0.0
"Berndt & Associates, P.C.",0.0
Beccas Home LLC,0.0
"Tribal Lending Enterprise, Inc.",0.0
"TriVerity, Inc.",0.0
"Aargon Agency, Inc.",0.0
"ATG Credit, LLC",0.0
"Harris & Harris, Ltd.",0.0
Credit Sage LLC,0.0
Credit Reporting Services LLC,0.0
Credit One LLC,0.0
"COLLECTION AGENCY OF THE HIGH COUNTRY,INC",0.0
"Silverman Theologou, LLP",0.0
Shnayder Law Firm LLC,0.0
"Sherloq Group, Inc",0.0
"IDT Telecom, Inc",0.0
"Horizon West Financial, Inc",0.0
Arco Collection Services LLC,0.0
"College Foundation, Inc.",0.0
"Collections Acquisition Company, Inc.",0.0
"Cogent Road, Inc.",0.0
"Coastal Capital Processing, LLC",0.0
Climb Credit Inc.,0.0
"Healthcare Financial Services, LLC",0.0
"Interstate Recovery Service, Inc.",0.0
"Integrity Solution Services, Inc.",0.0
Insta Financial,0.0
INVESTORS BANK,0.0
"INDUSTRIAL AND COMMERCIAL BANK OF CHINA (USA), NATIONAL ASSOCIATION",0.0
"Accscient, LLC",0.0
"Account Discovery Systems, LLC",0.0
Accessity,0.0
"Access Capital Services, Inc.",0.0
Abra,0.0
KINGS CREDIT SERVICES,0.0
"Javitch, Block & Rathbone LLC",0.0
Jana Ferrell & Associates LLC,0.0
"Jacob Law Group, PLLC",0.0
"JTM Capital Management, LLC",0.0
"JNR Adjustment Company, Inc",0.0
"Sharinn & Lipshie, P.C.",0.0
"SettlementOne, LLC",0.0
"Select Management Resources, LLC",0.0
"Select Financial Services, Inc.",0.0
Secure One Capital Corporation,0.0
"Homeland Financial Network, Inc.",0.0
Home Credit Corp. Inc.,0.0
"Hexagon Collection Services, LLC",0.0
"Henley, Lotterhos & Henley, PLLC",0.0
SOP Pioneer Partners LP,0.0
"SKO Brenner American, Inc.",0.0
"CarFinance Capital LLC, Irvine, CA Branch",0.0
Saint Services LLC,0.0
STATE BANK OF INDIA - NEW YORK BRANCH,0.0
"Consumer Financial Services Solutions, Inc.",0.0
"Consumer Defense Group, LLC",0.0
Consumer Asset Management (Texas),0.0
Extreme Loans LLC,0.0
"Executive Credit Management, Inc",0.0
"Estate Information Services, LLC",0.0
Enterprise Acquisitions,0.0
Opensky Legal Services,0.0
OpenRoad Lending,0.0
"PMGI, LLC",0.0
"PLAZA HOME MORTGAGE, INC.",0.0
"PLANET HOME LENDING, LLC",0.0
PLACID NK CORPORATION,0.0
"Emmett L. Goodman, Jr., LLC",0.0
Baird Home Corporation,0.0
BUSEY BANK,0.0
"Kramer & Frank, P.C.",0.0
Kiva Microfunds,0.0
Kadent Corporation,0.0
"Money Management International, Inc.",0.0
"Puerto Rico Consumer Debt Management Co., Inc.",0.0
"Bursey & Associates, P.C.",0.0
"Bristlecone, Inc.",0.0
"Brightwater Capital, LLC",0.0
"CashRepublic Holdings, Inc.",0.0
Rosenberg & Associates Recovery Services,0.0
Kashia Services,0.0
LOBEL FINANCIAL CORPORATION,0.0
LHR Inc.,0.0
"Council Law Group, PLLC",0.0
Cottonwood Financial Ltd.,0.0
Convergys,0.0
SG and Associates,0.0
CapitalCredit LLC,0.0
"Capital Credit and Collection Service, Inc.",0.0
"Law Offices of Ed Overcash, LLC",0.0
"Lamont, Hanley & Associates, Inc.",0.0
Assent Inc.,0.0
Ascend One Corporation,0.0
"Walter Lee & Associates, LLC",0.0
"Apothaker & Associates, PC",0.0
"Mezu, Inc",0.0
"Meyer & Njus, P.A.",0.0
Metro Collection Service Inc.,0.0
"Merrick, Costello & Walsh, LLC.",0.0
Meridian Financial Solutions Inc,0.0
"Mel S. Harris and Associates, LLC",0.0
RMA Credit Association,0.0
"All State Credit Bureau, Inc.",0.0
United Student Aid (USA) Funds,0.0
"United Debt Holdings, LLC",0.0
"United Debt Counselors, LLC",0.0
WLCC,0.0
"AMERIPRISE BANK, FSB",0.0
"EML Payments USA, LLC",0.0
Turner Acceptance Corp.,0.0
Turbo Debt LLC,0.0
Unifirst Mortgage Corporation,0.0
Uber Technologies Inc.,0.0
"FCTI, Inc.",0.0
FB FINANCIAL CORPORATION,0.0
FACTUAL DATA CORP.,0.0
A&D Mortgage LLC,0.0
Linebarger Goggan Blair & Sampson LLP,0.0
"Liberty Holdings, LLC",0.0
Legal Logix Inc.,0.0
"Leafy Financial, LLC",0.0
"Regional Acquisition Group, Inc.",0.0
"SCA Collections, Inc.",0.0
Comenity Bank,0.0
MIDCOUNTRY FINANCIAL CORP,0.0
"M.A.R.S., Inc.",0.0
Logan View LLC,0.0
Round Two Recovery,0.0
Rossman & Co & PCB,0.0
Reese Law Group,0.0
"RABOBANK, NATIONAL ASSOCIATION",0.0
Consolidation Capital,0.0
"Concorde Auto Management, LLC  DBA  Concorde Auto Acceptance",0.0
"Complete Care, Inc.",0.0
"Commercial Trade, Inc.",0.0
"Mcburberod Financial, Inc. d/b/a SeedFi",0.0
"Voss & Klein, LLC",0.0
Dream Center Education Holdings,0.0
"Dennis Dillon Auto Park and Truck Center, Inc.,",0.0
ZuntaFi Corp,0.0
Vion Holdco I LLC,0.0
Viking Client Services,0.0
"Cheek Law Offices, LLC",0.0
"CFS Holdings, Inc",0.0
First Atlantic Auto Credit LLC,0.0
"Financial Freedom Group, LLC",0.0
Financial Data Systems,0.0
Blackrock Mitigation Group LLC,0.0
TOWNEBANK,0.0
"First Investors Servicing Corporation, Atlanta, GA Branch",0.0
"BH Financial Group, LLC",0.0
ADS Resolve LLC,0.0
American Mortgage Service Company,0.0
RockLoans Holdings LLC,0.0
"Robert W. Warner & Associates, P.C.",0.0
"Ria Envia, LLC",0.0
MODERN FINANCE COMPANY,0.0
MISSION FINANCIAL SERVICES CORPORATION,0.0
"Empire Financial Services, Inc.",0.0
"Veldos, LLC",0.0
Veem  Inc.,0.0
"Valentine and Kebartas, Inc.",0.0
"El Dorado Financial, Inc. DBA Omni Financial",0.0
"Eagle Recovery Associates, Inc.",0.0
"Eagle Accounts Group, Inc.",0.0
ENTERPRISE FINANCIAL SERVICES CORP,0.0
"Mark A. Kirkorsky, PC",0.0
"Mineola Texas Star, LLC.",0.0
"Maximus Federal Services, Inc.",-2.7716793597595015e-08
"Majority USA, LLC",-3.00107407679759e-08
OKX INC.,-7.43047663575374e-08
"PACIFIC PREMIER BANCORP, INC.",-2.468552690362801e-07
"DailyPay, Inc",-2.721231555739122e-07
"Remitly, Inc.",-3.3951958105990797e-07
"Capstone Capital USA, LLC",-3.926579632246137e-07
"Porsche Financial Services, Inc.",-4.3646270397332867e-07
"Autovest, L.L.C.",-4.977635289574175e-07
Rosebud Economic Development Corporation,-6.3853954199914e-07
"ProCollect, Inc.",-6.736019415341724e-07
"Lockhart, Morris & Montgomery Inc.",-6.736019415341724e-07
"CARRINGTON MORTGAGE SERVICES, LLC",-6.813418943782672e-07
"Atlantic Credit & Finance, Inc.",-6.960675803343253e-07
"Go Capital Holdings, LLC",-8.197163556540451e-07
AMERIS BANCORP,-8.996450701316372e-07
CARDPLATFORMS LLC,-1.0336811524024224e-06
Unisource Joint Ventures LLC,-1.1130697145877814e-06
ENRAMEX INC,-1.1130697145877814e-06
"Ambassador Mortgage, LLC",-1.1130697145877814e-06
"Collection Bureau of Little Falls, Inc.",-1.1130697145877814e-06
Bella Sloan Enterprises,-1.1130697145877814e-06
"Credit Sesame, Inc.",-1.1130697145877814e-06
"Advance America, Cash Advance Centers, Inc.",-1.1130697145877814e-06
Independent Savings Plan Co.,-1.1130697145877814e-06
"Harpeth Financial Services, LLC",-1.1130697145877814e-06
Abrahamsen Gindin LLC,-1.1130697145877814e-06
CRE Credit Services,-1.1130697145877814e-06
Castle and Cookie Mortgage LLC,-1.1130697145877814e-06
"Scratch Financial, Inc.",-1.1130697145877814e-06
"HABITAT FOR HUMANITY INTERNATIONAL, INC.",-1.1130697145877814e-06
Chime Inc.,-1.1130697145877814e-06
Upward Financial Inc.,-1.1130697145877818e-06
"Pomelo International, Inc",-1.1371852280431543e-06
HYUNDAI CAPITAL AMERICA,-1.2738568792673454e-06
Lendbuzz Inc.,-1.3646662922245691e-06
"StellarFinance, Inc.",-1.5705571800860991e-06
FirstPoint Collection Resources,-1.6175506307770482e-06
"Snap Credit, Inc.",-1.6216597156355438e-06
BTH Management,-1.6216597156355438e-06
Seben Hospitality Investments LLC,-1.6216597156355438e-06
Guglielmo and Associates,-1.6216597156355438e-06
"CLAYTON AUTOS, INC",-1.6216597156355438e-06
"ALEXANDER-ROSE ASSOC, INC.",-1.6216597156355438e-06
Blackhawk Finance,-1.6216597156355438e-06
Olympus1 LLC,-1.6216597156355438e-06
"The Stark Collection Agency, Inc.",-1.6216597156355438e-06
"Bounce AI, Inc.",-1.7944116089660488e-06
"Meridian Financial Services, Inc.",-1.844533313420047e-06
ALCHRO INC.,-1.844533313420047e-06
"BROKER SOLUTIONS, INC.",-1.844533313420047e-06
Homestead Designation Services,-1.844533313420047e-06
"Ratchford Law Group, P.C.",-1.844533313420047e-06
PRIORITY PLUS FINANCIAL LLC,-1.844533313420047e-06
"Apple Law Group, Inc.",-1.844533313420047e-06
Paycheck Solutions llc,-1.844533313420047e-06
Get Financed LLC,-1.844533313420047e-06
"SMITH, ROUCHON & ASSOCIATES, INC.",-1.844533313420047e-06
"Kriya Capital, LLC",-1.860730308688461e-06
State Finance Company,-1.8633693752275205e-06
Nations Info Corp,-1.8633693752275205e-06
Consumer Shield,-1.8633693752275205e-06
Commercial Acceptance Company,-1.8633693752275205e-06
"Levy & Associates, LLC",-1.8633693752275205e-06
Federated Student Loan Services,-1.8633693752275205e-06
"Open Dealer Exchange, LLC",-1.8633693752275205e-06
Checkbook Inc,-1.8633693752275205e-06
FIRST UNITED BANK AND TRUST COMPANY,-1.8633693752275205e-06
"BYS, LLC. d/b/a Boost Your Score",-1.8933801159954964e-06
NORTHWEST BANCSHARES INC,-2.076958481416346e-06
"AmeriHome Mortgage Company, LLC",-2.0894125038249855e-06
"Diversified Adjustment Service, Inc.",-2.0894125038249855e-06
SCS Credit Corporation,-2.0894125038249855e-06
CrediautoUSA Financial Company LLC,-2.0894125038249855e-06
"SANDY SPRING BANCORP, INC.",-2.0894125038249855e-06
"CRC Holding, LLC",-2.0894125038249855e-06
Credit Repair Anywhere,-2.0894125038249855e-06
"Galaxy Capital Acquisitions, LLC",-2.0894125038249855e-06
"Harvard Collections, LLC",-2.0894125038249855e-06
"STATE BANKSHARES, INC.",-2.0894125038249855e-06
Supreme Lending,-2.0894125038249855e-06
"Arbor Professional Solutions, Inc.",-2.0894125038249855e-06
Open Assets LLC,-2.089850673813447e-06
"Array US, Inc",-2.5544337259179172e-06
"HOPE BANCORP, INC.",-2.5544337259179172e-06
"College Ave Student Loan Servicing, LLC",-2.5544337259179172e-06
Capital Core Advisors LLC,-2.5544337259179172e-06
"SHAZAM, INC./IOWA TRANSFER SYSTEM, INC. (ITS)",-2.5544337259179172e-06
"Braviant Holdings, LLC",-2.5544337259179172e-06
"First Help Financial, LLC",-2.5544337259179172e-06
Central Portfolio Control Inc.,-2.5544337259179172e-06
"Southwest Recovery Services, Inc.",-2.5544337259179172e-06
Penn Credit Corporation,-2.5544337259179172e-06
"Mercury Technologies, Inc.",-2.715511422536688e-06
Novo Platform Inc.,-2.751780644712058e-06
CHERRY TECHNOLOGIES INC.,-2.854864404106545e-06
Financial Credit Network Inc,-2.8606298834835574e-06
"Nathan & Nathan, P.C.",-2.949271455141618e-06
Rocky Mountain Capital Management,-2.957603028007828e-06
"Flagstar Bank, N.A.",-2.97548428856672e-06
"CAROLINA FINANCE, LLC",-3.162206154953667e-06
"PALOMAR ENTERPRISES, LLC",-3.162206154953667e-06
CURevl LLC,-3.162206154953667e-06
Larry H. Miller Group of Companies,-3.162206154953667e-06
R&M Marketing Associates LLC,-3.162206154953667e-06
"Love, Beal & Nixon, P.C.",-3.162206154953667e-06
"Doxo, Inc.",-3.162206154953667e-06
"UHG, LLC",-3.162206154953667e-06
"J J Marshall & Associates, Inc",-3.162206154953667e-06
"Elevate Recoveries, LLC",-3.162206154953667e-06
"A.C.S. Companies, Inc. I",-3.162206154953667e-06
"PlusFour, Inc",-3.162206154953667e-06
"EGL US, LLC",-3.3146476861825063e-06
"Capital Accounts, LLC",-3.4180770984020396e-06
TrueAccord Corp.,-3.4457699905977506e-06
Huntington Debt Holding LLC,-3.4947322110332844e-06
"Federal Adjustment Bureau, Inc.",-3.4947322110332844e-06
"OPT-OUT SERVICES, LLC",-3.4947322110332844e-06
"Credit Central Holdings, LLC",-3.4947322110332844e-06
"TRUEBILL, INC",-3.4947322110332844e-06
"COLUMBIA BANKING SYSTEM, INC.",-3.4947322110332844e-06
United National Services,-3.6052435731718645e-06
"Rowland Avenue Management, Inc. A/KA Columbia Debt Recovery, LLC d/b/a Genesis",-3.6303309686259843e-06
PRANCER CAPITAL CORP,-3.649601300327834e-06
"Mortgage Professionals, Inc.",-3.649601300327834e-06
"Choice Money Transfer, Inc.",-3.649601300327834e-06
Sulphur Bank Rancheria Enterprises,-3.649601300327834e-06
Taggart Motor Co,-3.649601300327834e-06
"Aldridge PIte Haan, LLP",-3.6675034405056984e-06
"Business Processing Solutions, LLC",-3.6675034405056984e-06
Schukei Chevrolet Volkswagen,-3.6675034405056984e-06
Lendmark Financial Services,-3.7102465914064955e-06
Denefits LLC,-3.925777481199945e-06
Royal Pacific Funding Corporation,-3.925777481199945e-06
"Moss Law Firm, P.C.",-3.925777481199945e-06
SECURITY SERVICE FEDERAL CREDIT UNION,-4.0190854439464365e-06
Plastiq Inc.,-4.2005701427199394e-06
"NerdWallet, Inc.",-4.236439200165243e-06
Loqbox US Inc,-4.4522788583511255e-06
First Credit Corporation,-4.4522788583511255e-06
"NEU Money, Inc.",-4.715369157545306e-06
SOUTHSTATE BANK CORPORATION,-4.86040227876183e-06
"Adler Wallach & Associates, Inc.",-5.009777423880253e-06
"National Credit Systems,Inc.",-5.405659431868081e-06
McKenzie Management LLC,-5.445803603873331e-06
"Sequium Asset Solutions, LLC",-5.512036753925746e-06
RENASANT CORPORATION,-5.733740211594476e-06
EdFinancial Services,-6.047887929627569e-06
ERC,-6.05578438110505e-06
Wave Financial USA Inc.,-6.066014066554025e-06
"Momnt Technologies, Inc.",-6.066014066554025e-06
"The Law Offices of Kenosian & Miele, LLP",-6.066014066554025e-06
NATIONAL DEBT RELIEF LLC,-6.096701173920449e-06
"Eastern Account Systems of Connecticut, Inc.",-6.2040350262457505e-06
Westcreek Financial,-6.23602779436353e-06
"INDEPENDENT BANK GROUP, INC.",-6.350237099567905e-06
"Bepensa Capital, Inc.",-6.417848033326971e-06
"Financial Solutions Group, LLC",-6.417848033326971e-06
Mediation Recovery Center,-6.417848033326971e-06
SPLITIT USA INC.,-6.486638862542175e-06
"ShoulderTap Technologies, Inc. d/b/a Fizz",-6.4935752780851025e-06
"HW Holding, Inc",-6.626040390143137e-06
Arcon Credit Solutions LLC,-7.0656697430929805e-06
"Hayt Hayt & Landau, P.L. (FL)",-7.1157943293834245e-06
"Andreu, Palma & Andreu, PL",-7.42050969223323e-06
Servicer under contract with Federal Student Aid,-7.599708577129956e-06
"Relay Financial (US), Corp.",-7.614485013304793e-06
"Debt Recovery Solutions, LLC",-7.753789021870448e-06
"True Link Financial, Inc.",-7.950726505686983e-06
"Southwest Credit Systems, L.P.",-8.308602815552601e-06
American Financial Network Inc.,-8.357650015299942e-06
MECHANICS BANK,-8.383951594245865e-06
"Cascade CISS Holdings, LLC",-8.472272949420998e-06
Unifin Inc.,-8.49120296826797e-06
"Trident Asset Management, L.L.C.",-8.533579406821012e-06
"MovoCash, Inc.",-9.161859631317167e-06
Retail Merchants Associates,-9.161859631317167e-06
"RS Clark and Associates, Inc.",-9.161859631317167e-06
HCFS Healthcare Financial Services of TeamHealth,-9.161859631317167e-06
"Omega RMS, LLC",-9.161859631317167e-06
MORGAN STANLEY & CO. LLC,-9.161859631317167e-06
"N.A.R., Inc.",-9.161859631317167e-06
"UPGRADE, INC.",-9.20541476402867e-06
"Paramount GR Holdings, LLC",-9.30206652543337e-06
"Spring Oaks Capital, LLC",-9.348917908251197e-06
"CUSTOMERS BANCORP, INC",-9.352497105644566e-06
"Kimball, Tirey & St. John LLP",-9.407356700628166e-06
"Admin Recovery, LLC",-9.560746277587309e-06
"Servicing Solutions, LLC",-9.575349422460554e-06
"Duvera Billing Services, LLC",-9.746035075890998e-06
Johnson Mark P.C.,-9.778931728243578e-06
LendingUSA,-9.911897613984784e-06
"The CMI Group, Inc.",-9.912580244360255e-06
"Gurstel Law Firm, P.C.",-9.912580244360255e-06
"RFNA, LP",-1.001770501109092e-05
"CENTRAL BANCOMPANY, INC",-1.0082205968725366e-05
"Jenkins, Wagnon & Young, P.C.",-1.0365548317293164e-05
"Constar Financial Services, LLC",-1.0365548317293164e-05
CONGRESS COLLECTION CORP,-1.0365548317293164e-05
"CHECKredi of Kentucky, LLC",-1.0365548317293164e-05
DFC Global Corp.,-1.045510127962089e-05
"COMMUNITY CHOICE FINANCIAL, INC.",-1.0911453152767966e-05
"Hatfield, Inc.",-1.1221355690633539e-05
CATHAY BANK,-1.1302426953072968e-05
Excella Recovery Group,-1.1302426953072968e-05
FULTON FINANCIAL CORPORATION,-1.1430115043292174e-05
Western-Shamrock Corporation,-1.1503546588852352e-05
UNITED AUTO ACCEPTANCE,-1.1503546588852352e-05
TFC Credit Corporation of California,-1.1503546588852352e-05
"Orion Portfolio Services, LLC",-1.1503546588852352e-05
Kashable LLC,-1.15342399599958e-05
"Investment Retrievers, Inc.",-1.164910214606326e-05
United PanAm Financial Corp.,-1.1761657422688259e-05
M1 Holdings Inc.,-1.1829353888869416e-05
"Carvana Group, LLC",-1.1987208032928709e-05
INTERCONTINENTAL CAPITAL GROUP,-1.2069489574478704e-05
"Rushmore Service Center, LLC",-1.2069489574478704e-05
"Ability Recovery Services, LLC",-1.2266198336044876e-05
UBS BANK USA,-1.2414846313994054e-05
"Frontline Asset Strategies, LLC",-1.2483862099880995e-05
D2 Management LLC,-1.2483862099880995e-05
"Associated Credit Services, Inc.",-1.264898471210137e-05
Credit Corp Solutions Inc.,-1.289226787094902e-05
"FlexShopper, Inc",-1.341265159733677e-05
"WESBANCO BANK, INC.",-1.3512437222124203e-05
V and H Portfolio,-1.3570559184914082e-05
STERLING BANCORP,-1.3857847310912444e-05
Armed Forces Loans of Nevada Inc.,-1.3857847310912444e-05
"New Southern Loans, Inc",-1.3857847310912444e-05
Point Up Inc,-1.3857847310912444e-05
BAM Management US Holdings Inc.,-1.3857847310912444e-05
DriveTime,-1.3956901390602738e-05
"Choice Recovery, Inc.",-1.4091730900158127e-05
"D&A Services, LLC",-1.4240566247580323e-05
Self Lender Inc,-1.4341070646470455e-05
"MARINER FINANCE, LLC",-1.4386414475656793e-05
Credee Corporation,-1.4594937440719895e-05
"Allied International Credit Corp., (US)",-1.4745174600325555e-05
"CALM, Inc.",-1.4745174600325555e-05
FORD MOTOR CREDIT CO.,-1.5315412850250536e-05
"CarMax, Inc.",-1.562501173693424e-05
CADENCE BANK,-1.5783405606089078e-05
"Sensible Auto Lending, LLC",-1.594725981473743e-05
"Rapid Investments Holdings, Inc",-1.597366708659867e-05
T.S. Holdings,-1.6015308918484958e-05
"FactorTrust, Inc.",-1.6015308918484958e-05
Oklahoma Student Loan Authority,-1.6015308918484958e-05
"AC AutoPay LLC, Denver, CO Branch",-1.6015308918484958e-05
"Medical Data Systems, Inc.",-1.6306193142678286e-05
Montgomery County Credit Bureau,-1.651699985452487e-05
"Caliber Home Loans, Inc.",-1.651699985452487e-05
Credit Glory LLC,-1.651699985452487e-05
"Valor Intelligent Processing, LLC",-1.651699985452487e-05
"PatientFi, Inc.",-1.6746167173173605e-05
OLD NATIONAL BANCORP,-1.7198341748903137e-05
Tally Technologies,-1.7253937055111794e-05
"Prog Holdings, Inc.",-1.759067676898451e-05
New Start Capital,-1.8071349402912135e-05
"Universal Account Servicing, LLC",-1.8451641266393133e-05
"LD Holdings Group, LLC",-1.8987633791956088e-05
"RAS LaVrar, LLC",-1.937323363148318e-05
"Law Offices of Robert J. Colclough, III",-1.9428686742796965e-05
TRUSTMARK CORPORATION,-2.049730996461351e-05
MIDFIRST BANK,-2.0918439838397127e-05
Source Receivables Management LLC,-2.102358359889843e-05
"Americor Funding, LLC",-2.111082774422374e-05
"Amsher Collection Services, Inc.",-2.1160846084267772e-05
Forster & Garbus LLP,-2.1291682446886477e-05
"MRS BPO, LLC",-2.139077732383785e-05
"PROSPERITY BANCSHARES, INC.",-2.17983542069415e-05
Harley Davidson Financial Services Inc,-2.2435037891771868e-05
Specialized Loan Servicing Holdings LLC,-2.2540714935956598e-05
Apple Financing LLC,-2.2920052822129802e-05
"CCB Credit Serivces, Inc",-2.3072378457294392e-05
Nelson Cruz & Associates LLC,-2.3072378457294392e-05
Alorica Inc.,-2.309772575426057e-05
Thaxton Investment Corporation,-2.341643964794966e-05
"Platinum Holdings Group, LLC",-2.4636172997177682e-05
"Rausch, Sturm, Israel, Enerson & Hornik, LLP",-2.4636172997177682e-05
Messerli & Kramer P.A.,-2.4721808178556103e-05
ONEMAIN FINANCE CORPORATION,-2.4912206395198544e-05
MAJR Financial Corp,-2.4912206395198544e-05
"STONELEIGH RECOVERY ASSOCIATES, LLC",-2.4912206395198548e-05
"RSI Enterprises, Inc.",-2.4912206395198548e-05
Integrity Group Inc,-2.4912206395198548e-05
"Seed Consulting, LLC",-2.5070969214598212e-05
Ditech Financial LLC,-2.5122287318339457e-05
"Credit Protection Association, L.P.",-2.5122287318339457e-05
Credit Solutions,-2.5145793550802e-05
"Cash Express, LLC",-2.5145793550802e-05
"National Recovery Service, Inc.",-2.5145793550802e-05
"GMA Investments, LLC",-2.6355972085619e-05
WSFS FINANCIAL CORPORATION,-2.7008089673713648e-05
"Fidelity National Information Services, Inc. (FNIS)",-2.7845178400793187e-05
Bonneville Billing and Collections,-2.7947621060486573e-05
"Rubin & Rothman, LLC",-2.7947621060486573e-05
Ad Astra Recovery Services Inc,-2.7947621060486573e-05
Premium Credit Bureau,-2.7947621060486573e-05
"Stenger & Stenger, P.C",-2.8859161620128934e-05
"APPLE FINANCIAL HOLDINGS, INC.",-2.9048064799539402e-05
"Consumer Portfolio Services, Inc.",-2.9490226490621363e-05
"Real Time Group, Inc.",-2.949221824903503e-05
"Afterpay US Services, LLC",-3.0374847165437316e-05
"MERCANTILE ADJUSTMENT BUREAU, LLC",-3.050205478640449e-05
Monterey Financial Services LLC,-3.101133369689626e-05
"CAINE & WEINER COMPANY, INC.",-3.140049878719799e-05
BOK FINANCIAL CORP,-3.177059112479571e-05
CRED Technologies dba cred.ai,-3.2008033803645575e-05
"SACOR FINANCIAL, INC",-3.236839804591007e-05
"ACI Worldwide, Corp.",-3.24431241431133e-05
Van Ru Credit Corporation,-3.24520031303981e-05
FS Card Inc.,-3.24520031303981e-05
TCF FINANCIAL CORPORATION,-3.24520031303981e-05
"GreenPath, Inc.",-3.24520031303981e-05
CNG HOLDINGS INC,-3.2847395266582566e-05
Cooling & Winter LLC,-3.286983577901347e-05
"Garner & Conner, PLLC",-3.286983577901347e-05
"C & M Associates Group, Inc.",-3.286983577901347e-05
"BorrowersFirst, Inc.",-3.286983577901347e-05
AMERISAVE MORTGAGE CORPORATION,-3.325273378558119e-05
Fidem Baltimore Holdings LLC,-3.3858309936518555e-05
"Ballybunion Enterprises, Inc",-3.4135684053079965e-05
"Premier Consumer Credit Counseling, Inc.",-3.4135684053079965e-05
"Sentry Credit, Inc.",-3.4135684053079965e-05
Bank of China USA,-3.413568405307998e-05
"Westlake Services, LLC",-3.4172123276183096e-05
"Carter-Young, Inc.",-3.421021609214833e-05
"MSW Capital, LLC",-3.421021609214833e-05
"Commonwealth Financial Systems, Inc.",-3.421021609214833e-05
"Mandarich Law Group, LLP",-3.432210165624609e-05
AmeriCollect,-3.4738842949258706e-05
"United Check Recovery Bureau, Inc.",-3.4738842949258706e-05
Home Point Financial Corporation,-3.4738842949258706e-05
Sterling Credit Corp.,-3.4738842949258706e-05
"WHEELS FINANCIAL GROUP, LLC.",-3.4738842949258706e-05
"UNITED BANKSHARES, INC.",-3.57860590489917e-05
CIBC BANCORP USA INC.,-3.591918584814186e-05
HEARTLAND PAYMENT SYSTEMS INC,-3.5988461930037666e-05
SAN DIEGO COUNTY CREDIT UNION,-3.680636975684636e-05
"National Check Bureau, Inc.",-3.792129894767978e-05
"Weinstein & Riley, P.S.",-3.792129894767978e-05
"Pinnacle Credit Services, LLC",-3.792129894767978e-05
Novea Portfolio Management LLC,-3.792129894767978e-05
GLOBAL CREDIT UNION,-3.8186189128126195e-05
UMB FINANCIAL CORPORATION,-3.856149064947771e-05
FC HoldCo LLC,-3.980076700684127e-05
"Denovus Corporation, Ltd.",-4.0531863654442323e-05
"Allgate Financial, LLC",-4.0531863654442323e-05
American Coradius International LLC,-4.1176917504452507e-05
"KILOWATT FINANCIAL, LLC, A SPRUCE FINANCE COMPANY",-4.1639287172864324e-05
FIRSTBANK,-4.1914383187446866e-05
"TRANSCARD, LLC",-4.1997423583185317e-05
SIMMONS FIRST NATIONAL CORPORATION,-4.29940670891519e-05
"GOLDEN 1 CREDIT UNION, THE",-4.3229500725950614e-05
SLM CORPORATION,-4.347109776313718e-05
The Moore Law Group,-4.373370264861836e-05
United Revenue Corporation,-4.434340061557509e-05
ZWICKER & ASSOCIATES,-4.481725453251283e-05
"Upstart Holdings, Inc.",-4.486639952111429e-05
FMS Inc.,-4.5591888410201766e-05
"Law Office of Michael J. Scott, PC",-4.5630688281547975e-05
Alpha Recovery Corp,-4.657541692757703e-05
ASSOCIATED BANC-CORP,-4.658102959139353e-05
FIRST TECHNOLOGY FEDERAL CREDIT UNION,-4.669305538164455e-05
Allied Data Corporation,-4.669780410542286e-05
"Home Loan Center, Inc.",-4.7548169165018954e-05
FIRST ADVANTAGE CORPORATION,-4.8514637755104264e-05
Element Global Services,-4.8909862024643394e-05
"Protas, Spivok & Collins. LLC",-4.8909862024643394e-05
"First Step Group, LLC",-4.8909862024643394e-05
Moneytree Inc,-4.8909862024643394e-05
"Ava Finance, Inc",-5.149559092049497e-05
Grow Credit Inc,-5.1644854545938774e-05
"Law Offices Howard Lee Schiff, P.C.",-5.218096580050558e-05
"John C. Heath, Attorney at Law, PLLC",-5.247895761394276e-05
Delbert Services,-5.261770227460224e-05
The Law Firm of Allan C. Smith,-5.261770227460224e-05
"Receivables Performance Management, LLC",-5.261770227460224e-05
"Legal Recovery Law Offices, Inc",-5.261770227460224e-05
"Asset Recovery Solutions, LLC",-5.261770227460224e-05
Turning Point Solutions LLC,-5.261770227460224e-05
"ONEMAIN FINANCIAL HOLDINGS, LLC.",-5.277511804191656e-05
Patenaude & Felix A Professional Corporation,-5.3373220640895825e-05
"Paramount Capital Group, Inc.",-5.424162180995643e-05
"Pressler & Pressler, LLP",-5.470711477842723e-05
CURO Intermediate Holdings,-5.609095012990131e-05
"Skrill USA, Inc.",-6.0333324219081866e-05
"Orions Management Group, LLC",-6.0817456839500044e-05
Diverse Funding Associates LLC,-6.360974152316731e-05
MOUNTAIN AMERICA FEDERAL CREDIT UNION,-6.367244076305776e-05
Granite Edvance Corporation,-6.406123567393983e-05
CORELOGIC INC,-6.697960188048055e-05
"Tilt Finance, Inc.",-6.799962079661009e-05
World Acceptance Corporation,-6.871096759963113e-05
"GREAT WESTERN BANCORP, INC.",-6.894905904140704e-05
Global Credit Union,-6.902040975405516e-05
ADIR INTERNATIONAL LLC,-6.980939477263847e-05
"Legal Prevention Services, LLC.",-7.037510239225521e-05
Universal Fidelity LP,-7.037510239225521e-05
"McCullough Payne & Haan, LLC",-7.037510239225521e-05
"Sessoms & Rogers, P.A.",-7.037510239225521e-05
"ADP, LLC",-7.148522675861245e-05
NCB Management Services Inc.,-7.161659252854882e-05
"Perpay, Inc.",-7.171552727292716e-05
"Buffaloe & Associates, PLC",-7.205664649678635e-05
Hunt & Henriques,-7.205664649678635e-05
"Rozlin Financial Group, Inc.",-7.205664649678635e-05
"Razor Capital, LLC",-7.205664649678635e-05
"Blatt, Hasenmiller, Leibsker & Moore, LLC",-7.685748308512996e-05
FCI Lender Services Inc.,-7.773446206259749e-05
"CHARLES SCHWAB CORPORATION, THE",-7.979153911389981e-05
Bridgecrest Acceptance Corporation,-8.08068066416392e-05
"Klima, Peters & Daly, P.A.",-8.189286449445989e-05
Green Square Company LLC.,-8.33958718976694e-05
Hollis Cobb Associates,-8.33958718976694e-05
"Echelon Financial, Inc.",-8.33958718976694e-05
"Eltman Law, P.C.",-8.33958718976694e-05
Vargo & Janson PC,-8.33958718976694e-05
Yamaha Motor Finance Corporation USA,-8.387983307400968e-05
LEXISNEXIS,-8.658964948250519e-05
"First National Collection Bureau, Inc.",-8.835986611174583e-05
"Second Round Limited Partnership, Austin, TX Branch",-9.058681140019454e-05
SANTANDER BANCORP,-9.467139204552846e-05
"Suttell, Hammer & White, P.S",-9.50723592443602e-05
Winklevoss Exchange LLC,-9.571618770415778e-05
"Client Services, Inc.",-9.881066649905687e-05
Deutsche Bank,-0.00010048914927335783
"OLIPHANT FINANCIAL, LLC",-0.00010229184996687028
Global Credit & Collection Corporation,-0.00010702986462532036
MONEYGRAM PAYMENT SYSTEMS WORLDWIDE INC,-0.00010748086169580781
"Halsted Financial Services, LLC.",-0.00010891801893123923
"Early Warning Services, LLC",-0.00010898157425091141
"Altisource Portfolio Solutions, S.à r.l.",-0.0001181407871216341
"Convergent Resources, Inc.",-0.00012251340837683122
"American Credit Acceptance, LLC",-0.0001255472126218743
SUNCOAST CREDIT UNION,-0.00012718597187666092
Mendelson Law Firm,-0.00012736014264335974
"ENOVA INTERNATIONAL, INC.",-0.00012749524831385397
"Travelex NY, Inc.",-0.000130144645813089
Genesis Lending,-0.00013348545882438915
Ocwen Financial Corporation,-0.00013572826144924778
LendUp Loans LLC,-0.00013831932480639164
FIRST HORIZON BANK,-0.00014030018964932993
"Ingo Money, Inc.",-0.00015265644121598872
CAC Financial Corp,-0.00015377097428992463
"CREDIT BUREAU OF NAPA COUNTY, INC.",-0.00015530776370384632
"CIT BANK, NATIONAL ASSOCIATION",-0.00016157035873550806
"AXOS FINANCIAL, INC.",-0.000174412352827523
Affiliates Management Company,-0.00017541125390132219
"Capitol Credit Services, Inc",-0.00017568503417909095
"One Technologies, LP",-0.00017737360246230035
"Syncapay, Inc",-0.00018231237521541016
"PLS GROUP, INC",-0.00018603552709084686
Scott Fetzer Financial Group Inc.,-0.00018643605779595783
FIRSTBANK PUERTO RICO,-0.00018755911743402795
Mercedes Benz Financial Services,-0.00019029192512926298
BANCORPSOUTH BANK,-0.0001914132723818626
Couch Conville & Blitt LLC,-0.00019563944809857357
"Risecredit, LLC",-0.00020161504029394265
OPORTUN FINANCIAL CORPORATION,-0.00020189793743034042
BANK OF HAWAII CORPORATION,-0.00020459734037651126
"ACIMA CREDIT, LLC",-0.00022410346279329296
VYSTAR CREDIT UNION,-0.00023081030595611943
SQUARETWO FINANCIAL CORPORATION,-0.00024889094053689466
"URS Holding, LLC",-0.0002516367905803954
"BANK OF NEW YORK MELLON CORPORATION, THE",-0.00027620320912278754
STATE EMPLOYEES’ CREDIT UNION,-0.00027809971134765317
Tate and Kirlin Assoc,-0.00028150040956902085
U.S. BANK NATIONAL ASSOCIATION - SAN FRANCISCO MAIN BRANCH,-0.0002959692953971629
BlockFi Inc,-0.0003229098508957941
BOEING EMPLOYEES' CREDIT UNION,-0.00036092303932965664
"Grain Technology, Inc.",-0.00039368991110749226
"HUNTINGTON NATIONAL BANK, THE",-0.00040144499437380247
Northland Group Inc,-0.00040734822561597824
"Populus Financial Group, Inc. (F/K/A Ace Cash Express)",-0.0004268109831462035
FinCo Services Inc DBA Current,-0.0004340696237231509
"EXPERT GLOBAL SOLUTIONS, INC.",-0.00043621980224487633
"CAVALRY INVESTMENTS, LLC",-0.00045833513174049203
TOYOTA MOTOR CREDIT CORPORATION,-0.0004832019392733329
"FIRST HAWAIIAN, INC.",-0.0005207105364617257
POPULAR BANK,-0.0005717427613333675
Payfare International Inc.,-0.000618842526206187
"Portfolio Recovery Associates, LLC",-0.0006322902754166181
KEYCORP,-0.0006593096113359394
"ORG GC GP BUYER, LLC",-0.0008337606684489968
Mercury Financial Intermediate LLC,-0.0008727673921105532
"STERLING JEWELERS, INC.",-0.0009968917287881923
OneMain Finance Corporation,-0.001024573316523874
ZIONS BANCORPORATION,-0.0010698647397454411
MUFG AMERICAS HOLDINGS CORPORATION,-0.0011228329014207768
MoneyLion Inc.,-0.0012370676500984344
Avant Credit Corporation,-0.0012740759458519193
First Technology Federal Credit Union,-0.0014339306554175641
FIRST PORTFOLIO SERVICING INC,-0.0014738823977607485
"Prosper Marketplace, Inc.",-0.0017969487229709806
REGIONS FINANCIAL CORPORATION,-0.00205412972933354
M&T BANK CORPORATION,-0.002153451947434627
Self Financial Inc.,-0.0030951676364580805
"IMC Capital, LLC",-0.003305032722643707
Army and Air Force Exchange Service,-0.0035170615923524468
ALLIANT CREDIT UNION,-0.003653176406430963
Atlanticus Services Corporation,-0.003842848620757833
BB&T CORPORATION,-0.0038468564676357835
"SANTANDER BANK, NATIONAL ASSOCIATION",-0.0043359821242760724
Pending Company Match,-0.004394213440857382
"Colony Brands, Inc.",-0.0044483840254001174
Resurgent Capital Services L.P.,-0.004882413080448582
PENTAGON FEDERAL CREDIT UNION,-0.006408515953589014
Blackhawk Network Holdings Inc.,-0.0067988904894686186
"Continental Finance Company, LLC",-0.007280848985135453
ALLY FINANCIAL INC.,-0.007413032405338649
"SUNTRUST BANKS, INC.",-0.009422653909427023
Incomm Holdings Inc.,-0.009513889630348764
"Securus J Holdings, LLC",-0.009862779845585576
"Imprint Payments, Inc.",-0.009929518385740563
TRUIST FINANCIAL CORPORATION,-0.010092887789452743
BBVA FINANCIAL CORPORATION,-0.01266190862622286
Chime Financial Inc,-0.014348255476311694
FISERV FINXACT CORE,-0.014431975275348986
PNC Bank N.A.,-0.02567941841349517
"Avant Holding Company, Inc.",-0.02601661750474801
"Block, Inc.",-0.03520198341318677
FIFTH THIRD FINANCIAL CORPORATION,-0.03570257739729326
Netspend Corporation,-0.04783390106041192
NAVY FEDERAL CREDIT UNION,-0.049540963556444106
"Paypal Holdings, Inc",-0.05352381145766357
Comerica,-0.06883639719614476
FIRST NATIONAL BANK OF OMAHA,-0.0741877444088642
GOLDMAN SACHS BANK USA,-0.08522718805575517
"Credit Karma, LLC",-0.08751364105181088
HSBC NORTH AMERICA HOLDINGS INC.,-0.10455203295820444
DISCOVER BANK,-0.16434014588717658
Conduent Incorporated,-0.19540151386326518
TD BANK US HOLDING COMPANY,-0.3073274516625858
WELLS FARGO & COMPANY,-0.8358622799127585
BARCLAYS BANK DELAWARE,-1.199121656701715
U.S. BANCORP,-1.3241611233492243
AMERICAN EXPRESS COMPANY,-1.8685542183144415
