Month,HHI,total_complaints
2023-08,637.5925079171536,1215
2023-09,618.6790736934857,4918
2023-10,626.7661252336615,5810
2023-11,614.8758526635884,5153
2023-12,595.7165784253485,4776
2024-01,577.7757727659019,5247
2024-02,572.8532739803384,5182
2024-03,607.0800209721243,5889
2024-04,704.9697529510214,6676
2024-05,718.1751339238822,6760
2024-06,631.4567150489329,5535
2024-07,641.326705626665,6192
2024-08,701.2328539851126,7355
2024-09,719.6909977825333,7185
2024-10,680.2853932779773,7176
2024-11,634.5213636158687,6095
2024-12,614.9673903850961,6697
2025-01,645.4473165105609,9073
2025-02,596.4278106302397,6213
2025-03,606.831305539102,6255
2025-04,621.278835376498,6897
2025-05,617.7149360626718,7515
2025-06,608.7271902211706,7364
2025-07,618.7632176541622,8105
2025-08,643.010194088361,7919
2025-09,665.6305394218779,8504
2025-10,599.7483029410326,7413
2025-11,617.0741596922809,6861
2025-12,646.7033702108197,7859
2026-01,604.2532114669466,9516
2026-02,636.4380949553793,7401
2026-03,637.6367595755623,8327
2026-04,734.030455026424,8229
2026-05,726.320794736299,7923
2026-06,756.1227798398371,7464
2026-07,765.3433614974964,8078
