Month,Top5_share,Top10_share,Top5_share_pct,Top10_share_pct
2011-12,0.723015873015873,0.911904761904762,72.3015873015873,91.1904761904762
2012-01,0.7215081405312768,0.9323050556983719,72.15081405312768,93.23050556983719
2012-02,0.7516501650165016,0.9372937293729374,75.16501650165016,93.72937293729375
2012-03,0.732946298984035,0.9281567489114658,73.2946298984035,92.81567489114659
2012-04,0.7442455242966752,0.9258312020460359,74.42455242966753,92.58312020460359
2012-05,0.7559645535105657,0.9338786639400136,75.59645535105656,93.38786639400136
2012-06,0.7604473219540907,0.9440847557386698,76.04473219540907,94.40847557386698
2012-07,0.7634551495016612,0.9408637873754152,76.34551495016612,94.08637873754152
2012-08,0.7400468384074942,0.9398907103825138,74.00468384074942,93.98907103825138
2012-09,0.7223340040241448,0.9305835010060362,72.23340040241449,93.05835010060362
2012-10,0.7128129602356406,0.9293078055964654,71.28129602356405,92.93078055964654
2012-11,0.6970534069981583,0.9373848987108655,69.70534069981584,93.73848987108656
2012-12,0.7209302325581396,0.933139534883721,72.09302325581396,93.3139534883721
2013-01,0.7203098106712564,0.9345955249569707,72.03098106712564,93.45955249569707
2013-02,0.701401050788091,0.9273204903677759,70.1401050788091,92.73204903677758
2013-03,0.69921875,0.9234375000000001,69.921875,92.34375000000001
2013-04,0.6883223684210527,0.915296052631579,68.83223684210526,91.5296052631579
2013-05,0.6921641791044776,0.9253731343283582,69.21641791044776,92.53731343283582
2013-06,0.6829745596868884,0.9099804305283756,68.29745596868884,90.99804305283756
2013-07,0.69015444015444,0.9073359073359073,69.015444015444,90.73359073359073
2013-08,0.6719330855018587,0.887546468401487,67.19330855018588,88.7546468401487
2013-09,0.6543778801843319,0.8940092165898618,65.43778801843318,89.40092165898618
2013-10,0.6506591337099811,0.8822975517890772,65.0659133709981,88.22975517890772
2013-11,0.6421052631578947,0.8778947368421053,64.21052631578948,87.78947368421053
2013-12,0.6696606786427145,0.8852295409181639,66.96606786427145,88.52295409181639
2014-01,0.6722689075630253,0.8907563025210083,67.22689075630252,89.07563025210084
2014-02,0.6515763945028294,0.8698464025869037,65.15763945028294,86.98464025869038
2014-03,0.6270783847980997,0.8614410134600158,62.70783847980997,86.14410134600158
2014-04,0.6861989205859677,0.9151888974556669,68.61989205859676,91.5188897455667
2014-05,0.6512261580381472,0.8792007266121707,65.12261580381472,87.92007266121708
2014-06,0.6439252336448598,0.8794392523364486,64.39252336448598,87.94392523364486
2014-07,0.620718462823726,0.8646616541353384,62.0718462823726,86.46616541353383
2014-08,0.6087636932707355,0.8591549295774648,60.876369327073554,85.91549295774648
2014-09,0.6176948051948051,0.8522727272727272,61.76948051948051,85.22727272727272
2014-10,0.6553819444444444,0.8723958333333334,65.53819444444444,87.23958333333334
2014-11,0.6130473637176049,0.84361036639857,61.30473637176049,84.361036639857
2014-12,0.5851788756388415,0.8245315161839863,58.51788756388415,82.45315161839864
2015-01,0.6078753076292043,0.8351107465135357,60.787530762920426,83.51107465135357
2015-02,0.5862533692722373,0.8463611859838275,58.62533692722373,84.63611859838275
2015-03,0.5888817065287654,0.841628959276018,58.88817065287654,84.1628959276018
2015-04,0.5595399188092016,0.8430311231393776,55.953991880920164,84.30311231393776
2015-05,0.5715210355987055,0.8466019417475728,57.15210355987055,84.66019417475728
2015-06,0.5838225701239399,0.8343118069145465,58.38225701239399,83.43118069145466
2015-07,0.5872627066748316,0.8254745866503368,58.72627066748316,82.54745866503367
2015-08,0.5992438563327032,0.8424700693131695,59.92438563327032,84.24700693131695
2015-09,0.5916359163591636,0.8345633456334562,59.163591635916355,83.45633456334562
2015-10,0.657411553963278,0.8687863860277654,65.7411553963278,86.87863860277653
2015-11,0.5602484472049689,0.8248447204968944,56.024844720496894,82.48447204968944
2015-12,0.5794451450189155,0.8316519546027744,57.944514501891554,83.16519546027745
2016-01,0.6048578199052133,0.8240521327014217,60.485781990521325,82.40521327014217
2016-02,0.6107382550335569,0.8468578401464306,61.07382550335569,84.68578401464306
2016-03,0.5939115450890293,0.8282596209075245,59.39115450890293,82.82596209075244
2016-04,0.6155223880597015,0.857313432835821,61.55223880597015,85.73134328358209
2016-05,0.6020166073546857,0.8422301304863583,60.201660735468565,84.22301304863583
2016-06,0.58729216152019,0.8188836104513064,58.729216152019006,81.88836104513064
2016-07,0.6535982814178303,0.8673469387755102,65.35982814178303,86.73469387755102
2016-08,0.6370892018779343,0.8549295774647887,63.708920187793424,85.49295774647887
2016-09,0.6100877192982457,0.8675438596491228,61.00877192982457,86.75438596491229
2016-10,0.5773148148148148,0.85,57.73148148148148,85.0
2016-11,0.6026200873362444,0.855349344978166,60.26200873362444,85.5349344978166
2016-12,0.5952503871966959,0.8378936499741869,59.52503871966959,83.78936499741869
2017-01,0.5641025641025641,0.8185404339250494,56.41025641025641,81.85404339250493
2017-02,0.5648385443362378,0.8349564325986674,56.48385443362378,83.49564325986674
2017-03,0.5779398359161348,0.8322698268003645,57.79398359161348,83.22698268003646
2017-04,0.5475935828877005,0.8235294117647058,54.75935828877005,82.35294117647058
2017-05,0.5530497180932854,0.8159917990773962,55.30497180932854,81.59917990773961
2017-06,0.5694521306032098,0.811289429994466,56.945213060320974,81.1289429994466
2017-07,0.553133514986376,0.8196185286103541,55.313351498637594,81.96185286103541
2017-08,0.5639137296159916,0.8321935823250921,56.39137296159916,83.21935823250921
2017-09,0.5902777777777778,0.8413461538461537,59.02777777777778,84.13461538461537
2017-10,0.5887353878852285,0.854941551540914,58.87353878852285,85.4941551540914
2017-11,0.5949298813376483,0.8381877022653722,59.49298813376483,83.81877022653723
2017-12,0.5810663764961914,0.822633297062024,58.106637649619145,82.2633297062024
2018-01,0.573632538569425,0.8270219728845254,57.3632538569425,82.70219728845254
2018-02,0.5816115702479339,0.8347107438016529,58.16115702479338,83.47107438016529
2018-03,0.5774647887323943,0.8347417840375587,57.746478873239425,83.47417840375587
2018-04,0.5945017182130584,0.8376288659793814,59.450171821305844,83.76288659793813
2018-05,0.5850563909774436,0.8369360902255639,58.50563909774436,83.69360902255639
2018-06,0.5835117773019272,0.8254817987152033,58.35117773019272,82.54817987152033
2018-07,0.5840886203423967,0.8187311178247734,58.408862034239675,81.87311178247734
2018-08,0.5643796992481203,0.8195488721804511,56.43796992481202,81.95488721804512
2018-09,0.5640461792193514,0.8147333699835075,56.40461792193514,81.47333699835076
2018-10,0.575387505871301,0.814466885861907,57.5387505871301,81.4466885861907
2018-11,0.5842880523731587,0.795417348608838,58.42880523731587,79.54173486088379
2018-12,0.5841584158415841,0.801980198019802,58.415841584158414,80.19801980198021
2019-01,0.6036745406824147,0.8230971128608925,60.367454068241464,82.30971128608925
2019-02,0.5659078877713075,0.8147167813658021,56.590788777130754,81.47167813658021
2019-03,0.5734831460674158,0.8107865168539327,57.34831460674158,81.07865168539327
2019-04,0.5586046511627907,0.8074418604651163,55.860465116279066,80.74418604651163
2019-05,0.5539971949509116,0.8008415147265078,55.39971949509116,80.08415147265077
2019-06,0.5415699024616814,0.8007431490942871,54.156990246168135,80.07431490942871
2019-07,0.53584229390681,0.7880824372759856,53.584229390681,78.80824372759857
2019-08,0.5558441558441559,0.7952380952380953,55.584415584415595,79.52380952380953
2019-09,0.5374181478016838,0.7768942937324603,53.74181478016838,77.68942937324603
2019-10,0.5405176071277047,0.786593126856173,54.05176071277047,78.6593126856173
2019-11,0.5571887919154801,0.7854846118511714,55.71887919154801,78.54846118511713
2019-12,0.5349162011173184,0.7760707635009311,53.49162011173184,77.60707635009311
2020-01,0.5351936693044566,0.7709287796751354,53.519366930445656,77.09287796751354
2020-02,0.5514993481095176,0.7766188613646242,55.14993481095176,77.66188613646243
2020-03,0.5495273325113029,0.7809288943690917,54.95273325113029,78.09288943690918
2020-04,0.5231788079470199,0.7786187322611164,52.317880794701985,77.86187322611164
2020-05,0.5260993356532744,0.7567225561531161,52.60993356532744,75.67225561531161
2020-06,0.52928,0.7465600000000001,52.928,74.656
2020-07,0.530258423290808,0.7654563297350343,53.025842329080795,76.54563297350343
2020-08,0.5253143051308189,0.7791369351002378,52.53143051308189,77.91369351002379
2020-09,0.5231092436974791,0.7552521008403361,52.310924369747916,75.52521008403362
2020-10,0.5335185828412643,0.7738798193817298,53.35185828412643,77.38798193817298
2020-11,0.5319148936170213,0.7640910787607316,53.191489361702125,76.40910787607315
2020-12,0.5353289244691959,0.769926905673512,53.53289244691959,76.99269056735119
2021-01,0.5243553008595988,0.7542979942693409,52.43553008595988,75.42979942693408
2021-02,0.5397810218978102,0.7635036496350364,53.97810218978102,76.35036496350364
2021-03,0.5003240440699935,0.7469215813350616,50.032404406999355,74.69215813350615
2021-04,0.5275713727023855,0.7426671881110676,52.75713727023855,74.26671881110676
2021-05,0.5346283783783784,0.7504222972972973,53.46283783783784,75.04222972972973
2021-06,0.5190476190476191,0.738095238095238,51.90476190476191,73.8095238095238
2021-07,0.4817605075337034,0.7168913560666137,48.17605075337034,71.68913560666137
2021-08,0.5296912114014252,0.7509897070467142,52.96912114014252,75.09897070467142
2021-09,0.5183752417794971,0.7636363636363637,51.83752417794971,76.36363636363637
2021-10,0.5097222222222222,0.726388888888889,50.97222222222222,72.6388888888889
2021-11,0.522885389967045,0.7356279751006958,52.2885389967045,73.56279751006957
2021-12,0.52,0.7269724770642202,52.0,72.69724770642202
2022-01,0.50465190888675,0.7202438241899262,50.465190888675004,72.02438241899262
2022-02,0.4753841329570398,0.6911257447475698,47.53841329570398,69.11257447475698
2022-03,0.492818671454219,0.7163375224416517,49.2818671454219,71.63375224416517
2022-04,0.4763222632226322,0.6943419434194342,47.63222632226322,69.43419434194342
2022-05,0.45754359363153907,0.6937073540561031,45.75435936315391,69.3707354056103
2022-06,0.5006535947712418,0.7320261437908496,50.06535947712418,73.20261437908496
2022-07,0.4822485207100592,0.722189349112426,48.22485207100592,72.2189349112426
2022-08,0.44402985074626866,0.7244136460554371,44.40298507462687,72.44136460554371
2022-09,0.4392998306041784,0.6863354037267081,43.92998306041784,68.63354037267081
2022-10,0.4584624049563503,0.7043086454519853,45.84624049563503,70.43086454519853
2022-11,0.44354354354354353,0.6873873873873874,44.354354354354356,68.73873873873873
2022-12,0.4589371980676329,0.6929683306494901,45.893719806763286,69.29683306494901
2023-01,0.4291293360900529,0.6850447966919366,42.912933609005286,68.50447966919366
2023-02,0.4501388538247917,0.7018429689472355,45.01388538247917,70.18429689472356
2023-03,0.43954104148278905,0.6831421006178287,43.95410414827891,68.31421006178286
2023-04,0.4124308664735318,0.635238346062681,41.24308664735318,63.5238346062681
2023-05,0.40193761814744805,0.6389413988657846,40.1937618147448,63.89413988657846
2023-06,0.3903225806451613,0.6561290322580646,39.03225806451613,65.61290322580646
2023-07,0.4110032362459547,0.6942699409861032,41.10032362459547,69.42699409861032
2023-08,0.42446662078458364,0.700963523743978,42.44666207845837,70.0963523743978
2023-09,0.40547033819996303,0.7059693217519866,40.5470338199963,70.59693217519866
2023-10,0.41981132075471694,0.7144654088050314,41.98113207547169,71.44654088050314
2023-11,0.41696364932287955,0.7070563079116179,41.696364932287956,70.7056307911618
2023-12,0.4426978614512886,0.6814110765856334,44.26978614512886,68.14110765856334
2024-01,0.43286099865047234,0.6803306342780027,43.286099865047234,68.03306342780027
2024-02,0.42057541412380123,0.6697471665213601,42.057541412380125,66.97471665213601
2024-03,0.41813135985198885,0.7001233425840272,41.81313598519888,70.01233425840272
2024-04,0.4668695531885461,0.7500345829298658,46.686955318854615,75.00345829298658
2024-05,0.4778615490061687,0.737217272104181,47.786154900616864,73.7217272104181
2024-06,0.4209653342179466,0.7049261900812739,42.09653342179466,70.49261900812739
2024-07,0.4352323838080959,0.7166416791604198,43.523238380809595,71.66416791604198
2024-08,0.48419301164725453,0.7298092922052988,48.419301164725454,72.98092922052987
2024-09,0.5018582426333953,0.7397132997079904,50.185824263339526,73.97132997079903
2024-10,0.4725173816082907,0.7184835366653549,47.25173816082907,71.84835366653549
2024-11,0.4396459636807569,0.7114298794445291,43.96459636807569,71.14298794445291
2024-12,0.4248348388836457,0.69394633949036,42.48348388836457,69.394633949036
2025-01,0.45854105198901207,0.7005799165734052,45.85410519890121,70.05799165734052
2025-02,0.4126416219439475,0.6878354203935599,41.26416219439475,68.78354203935599
2025-03,0.42136498516320475,0.6943620178041544,42.13649851632047,69.43620178041544
2025-04,0.44469952734638757,0.6916948008102632,44.46995273463876,69.16948008102632
2025-05,0.43510214250124557,0.7016691579471848,43.510214250124555,70.16691579471848
2025-06,0.4244970715558951,0.6881843646549529,42.44970715558951,68.8184364654953
2025-07,0.4353144835545297,0.6886324293133295,43.531448355452966,68.86324293133295
2025-08,0.4506311194998231,0.6985962014863749,45.06311194998231,69.85962014863749
2025-09,0.4639734366353071,0.7128942999446596,46.39734366353071,71.28942999446596
2025-10,0.42424626298454526,0.6796300988092222,42.42462629845453,67.96300988092221
2025-11,0.44426296447529606,0.6541445487954267,44.42629644752961,65.41445487954267
2025-12,0.4641092021652153,0.6646269710520122,46.410920216521525,66.46269710520122
2026-01,0.4427278094863216,0.6463294627041921,44.27278094863216,64.63294627041921
2026-02,0.46056462843397894,0.6657804785415875,46.056462843397895,66.57804785415875
2026-03,0.4606894982364319,0.6782341563317783,46.06894982364319,67.82341563317783
2026-04,0.5008058945429427,0.7033156804052498,50.08058945429427,70.33156804052499
2026-05,0.49863404204774914,0.6943817555529161,49.863404204774916,69.43817555529162
2026-06,0.5109525597696833,0.7000876204781575,51.09525597696833,70.00876204781575
2026-07,0.5078242726324331,0.6995479309145706,50.782427263243314,69.95479309145706
2026-08,0.528759291023442,0.7137793024585479,52.8759291023442,71.3779302458548
2026-09,0.5267857142857143,0.7180803571428571,52.67857142857143,71.80803571428571
