Year,Average_HHI,Median_HHI,Min_HHI,Max_HHI,Std_HHI,Top5_share_pct,Top10_share_pct
2011,1224.8551272360796,1224.8551272360796,1224.8551272360796,1224.8551272360796,,72.3015873015873,91.1904761904762
2012,1280.4400293783056,1270.0912173470801,1210.792532551335,1362.1439056964052,52.04306720745166,73.50182386659719,93.45362167795727
2013,1134.5227064921398,1130.0485132443614,1047.0914127423823,1293.0699932752896,71.92694729958782,68.02747043113315,90.66768409004197
2014,984.4841138432998,986.9849043262232,871.668664331382,1159.612152829999,78.0958095226428,63.45213137665967,86.79245283018868
2015,912.917895224446,883.9428021782684,844.4195825778327,1281.9934825277876,119.0326542440991,55.9876316754887,80.78717048372725
2016,972.2332902644785,953.6724016140428,885.7136079749058,1188.7475324801185,81.13111982648095,60.25813390696424,84.67778076543874
2017,855.949481351795,856.3893692993045,808.8411080340636,895.0879116147598,28.059585256848163,56.942087629987384,82.87864943654004
2018,849.876054462164,851.9513130624946,818.7562148630506,885.6473116755825,20.961252590101115,57.48288095041663,82.24568929956274
2019,807.3318450064571,806.1757912109595,780.2001837078145,881.3744738600589,28.610476034083266,55.16787360105333,79.63056190218025
2020,765.3107281033803,747.8819271847669,727.331779210959,837.1009727359913,36.61351617235971,52.47203282269252,76.34522860769208
2021,695.9457008221593,704.0475397523026,620.8206796841246,734.964569236507,28.33840355198858,51.77550122556721,74.26308842938847
2022,612.9567717446748,602.2004166280817,574.7549351152954,666.9955999829126,33.215399978723546,45.46753930640187,70.310188319667
2023,557.8022875945295,566.859224007513,517.1463438166674,591.3838924719244,25.88958705863308,39.42029473117556,66.68124621492497
2024,599.3853686113662,582.7383298809561,547.1403737736667,670.8929606719074,42.735360343050964,43.499125279424625,71.33589270094275
2025,570.9384434403361,568.697534612368,546.8408034764069,608.7772172964451,17.755593708604202,41.72678275290216,68.43801824212272
2026,648.8313529527315,674.285954531335,551.9040665408534,720.6076755123651,61.556128219474004,48.872567618841124,68.5443655482682
